"","p_val","avg_log2FC","pct.1","pct.2","p_val_adj","cluster","gene","regulation","rank","gene_SYMBOL","ENTREZID"
"Mrc1",0,2.00117750382494,0.82,0.337,0,"M2-like 1","Mrc1","up",Inf,"Mrc1","17533"
"Ccl6",0,1.94609740666563,0.906,0.732,0,"M2-like 1","Ccl6","up",Inf,"Ccl6","20305"
"Selenop",0,1.78961391521516,0.913,0.724,0,"M2-like 1","Selenop","up",Inf,"Selenop","20363"
"Timp2",0,1.49140768608234,0.923,0.528,0,"M2-like 1","Timp2","up",Inf,"Timp2","21858"
"Ctsd",0,1.46055774056059,0.986,0.93,0,"M2-like 1","Ctsd","up",Inf,"Ctsd","13033"
"Serpinb6a",0,1.25893980283547,0.757,0.305,0,"M2-like 1","Serpinb6a","up",Inf,"Serpinb6a","20719"
"Cd63",0,1.19643434355846,0.845,0.515,0,"M2-like 1","Cd63","up",Inf,"Cd63","12512"
"Wwp1",0,1.17742154388183,0.804,0.483,0,"M2-like 1","Wwp1","up",Inf,"Wwp1","107568"
"Ctsb",0,1.15608724925464,0.999,0.985,0,"M2-like 1","Ctsb","up",Inf,"Ctsb","13030"
"Dab2",0,1.10429979999987,0.88,0.56,0,"M2-like 1","Dab2","up",Inf,"Dab2","13132"
"Mtss1",0,1.06593030557327,0.882,0.503,0,"M2-like 1","Mtss1","up",Inf,"Mtss1","211401"
"Psap",0,1.04422100980277,0.993,0.97,0,"M2-like 1","Psap","up",Inf,"Psap","19156"
"Cbr2",0,1.0009437670015,0.506,0.136,0,"M2-like 1","Cbr2","up",Inf,"Cbr2","12409"
"Eps8",0,0.993642787424248,0.725,0.291,0,"M2-like 1","Eps8","up",Inf,"Eps8","13860"
"Rnf150",0,0.979092487557899,0.533,0.125,0,"M2-like 1","Rnf150","up",Inf,"Rnf150","330812"
"Nrp1",0,0.95962031771342,0.835,0.424,0,"M2-like 1","Nrp1","up",Inf,"Nrp1","18186"
"Vat1",0,0.937419653268732,0.793,0.432,0,"M2-like 1","Vat1","up",Inf,"Vat1","26949"
"Gas6",0,0.887438442472705,0.398,0.047,0,"M2-like 1","Gas6","up",Inf,"Gas6","14456"
"Hexa",0,0.822858739637906,0.937,0.812,0,"M2-like 1","Hexa","up",Inf,"Hexa","15211"
"Pdgfc",0,0.804261047584112,0.403,0.056,0,"M2-like 1","Pdgfc","up",Inf,"Pdgfc","54635"
"Lamp1",0,0.713809318994782,0.982,0.949,0,"M2-like 1","Lamp1","up",Inf,"Lamp1","16783"
"Tns1",0,0.681671817280135,0.471,0.075,0,"M2-like 1","Tns1","up",Inf,"Tns1","21961"
"St6gal1",0,0.665887748965704,0.552,0.136,0,"M2-like 1","St6gal1","up",Inf,"St6gal1","20440"
"Ms4a6c",0,-0.985892755324637,0.927,0.956,0,"M2-like 1","Ms4a6c","down",Inf,"Ms4a6c","73656"
"Lst1",0,-1.28327748494094,0.888,0.941,0,"M2-like 1","Lst1","down",Inf,"Lst1","16988"
"Cd52",0,-1.41858073019923,0.823,0.935,0,"M2-like 1","Cd52","down",Inf,"Cd52","23833"
"Ms4a4c",0,-1.44767001112719,0.742,0.915,0,"M2-like 1","Ms4a4c","down",Inf,"Ms4a4c","64380"
"Ly6c1",0,-1.59199245242728,0.34,0.708,0,"M2-like 1","Ly6c1","down",Inf,"Ly6c1","17067"
"Ly6c2",0,-2.03222195899783,0.527,0.833,0,"M2-like 1","Ly6c2","down",Inf,"Ly6c2","100041546"
"Fcgrt",1.82991778906142e-307,1.00003884830054,0.697,0.339,5.9078895819848e-303,"M2-like 1","Fcgrt","up",695.934029306347,"Fcgrt","14132"
"Pf4",5.09265198115568e-305,1.59766804422235,0.78,0.427,1.64416269211611e-300,"M2-like 1","Pf4","up",1102.83557617049,"Pf4","56744"
"Isg15",1.05397880064395e-292,-1.72586550356113,0.686,0.859,3.40277055787901e-288,"M2-like 1","Isg15","down",1142.38475054679,"Isg15","100038882"
"Dhrs3",2.97050211755296e-292,0.728340177840427,0.892,0.642,9.59026608651973e-288,"M2-like 1","Dhrs3","up",481.348193941019,"Dhrs3","20148"
"C3",2.6733579865668e-291,-1.13891165396474,0.625,0.839,8.63093625963092e-287,"M2-like 1","C3","down",750.185809403766,"C3","12266"
"Ap1b1",1.006624199334e-280,0.674887070210902,0.732,0.378,3.24988622754983e-276,"M2-like 1","Ap1b1","up",428.104399029738,"Ap1b1","11764"
"Cacna1a",3.00696677243568e-279,0.99305797264021,0.568,0.197,9.70799222480858e-275,"M2-like 1","Cacna1a","up",626.557962567633,"Cacna1a","12286"
"Psd3",2.82422621732008e-277,1.10351039188439,0.56,0.192,9.11801434261789e-273,"M2-like 1","Psd3","up",691.233919769398,"Psd3","234353"
"Bcar3",2.89158491194419e-277,0.661931339641351,0.534,0.159,9.3354818882118e-273,"M2-like 1","Bcar3","up",414.615196169564,"Bcar3","29815"
"COX1",7.56045009916865e-277,0.776998183510924,0.993,0.965,2.4408913145166e-272,"M2-like 1","COX1","up",485.943041584636,"COX1","17708"
"Abca1",1.54373590787296e-273,0.837390899980399,0.976,0.843,4.98395137856786e-269,"M2-like 1","Abca1","up",517.331026543449,"Abca1","11303"
"ND1",1.0499538534585e-272,0.901821580721665,0.972,0.877,3.38977601589076e-268,"M2-like 1","ND1","up",555.406697604718,"ND1","17716"
"Gda",1.73849370327477e-272,1.00840395111885,0.878,0.648,5.61272692102261e-268,"M2-like 1","Gda","up",620.539288883183,"Gda","14544"
"Pmp22",1.04292925188521e-271,0.820513466688959,0.638,0.237,3.36709708971141e-267,"M2-like 1","Pmp22","up",503.447509384104,"Pmp22","18858"
"Ccl5",5.40625635934809e-268,-3.45617839055867,0.277,0.604,1.74540986561553e-263,"M2-like 1","Ccl5","down",2091.06703838192,"Ccl5","20304"
"Rasal2",1.83904060935282e-267,0.779670122400587,0.696,0.32,5.93734260729558e-263,"M2-like 1","Rasal2","up",470.763742242834,"Rasal2","226525"
"Pld3",1.25623258711209e-266,0.72950248655456,0.783,0.486,4.05574690749137e-262,"M2-like 1","Pld3","up",439.070884455377,"Pld3","18807"
"Fcer1g",1.82579042617611e-261,-0.704936835094883,0.976,0.969,5.89456439090959e-257,"M2-like 1","Fcer1g","down",415.905921791596,"Fcer1g","14127"
"Aplp2",6.81509533348921e-257,0.688130504895212,0.902,0.701,2.20025352841699e-252,"M2-like 1","Aplp2","up",398.746077879561,"Aplp2","11804"
"Zdhhc14",7.51350879112166e-256,1.04386829056472,0.676,0.326,2.42573631321363e-251,"M2-like 1","Zdhhc14","up",602.377478445565,"Zdhhc14","224454"
"Aif1",4.87327171614957e-254,-0.991546488109535,0.885,0.919,1.57333577355889e-249,"M2-like 1","Aif1","down",568.047553523658,"Aif1","11629"
"Bcl2a1a",1.32295075105294e-249,-1.08470815208,0.279,0.626,4.27114649977442e-245,"M2-like 1","Bcl2a1a","down",610.34517264265,"Bcl2a1a","12044"
"Creg1",8.52317539800271e-248,0.924660586749434,0.909,0.742,2.75170717724518e-243,"M2-like 1","Creg1","up",516.437691664105,"Creg1","433375"
"Glul",3.21803738960368e-246,0.764694073108375,0.824,0.524,1.03894337123355e-241,"M2-like 1","Glul","up",424.317120268065,"Glul","14645"
"Ltc4s",9.81620052179136e-245,0.744243497141786,0.438,0.113,3.16916033846034e-240,"M2-like 1","Ltc4s","up",410.425695626048,"Ltc4s","17001"
"Il1b",2.64517879224515e-243,-1.86798574271725,0.633,0.82,8.53995973076347e-239,"M2-like 1","Il1b","down",1023.97949972452,"Il1b","16176"
"Emp1",1.00086586770464e-239,0.79646287277616,0.903,0.61,3.23129545388443e-235,"M2-like 1","Emp1","up",430.037873560658,"Emp1","13730"
"Gpr141",3.0951689920033e-232,-1.33491722093944,0.314,0.637,9.99275309068265e-228,"M2-like 1","Gpr141","down",697.744599735883,"Gpr141","353346"
"Idh1",2.74978691545805e-231,0.561513049156081,0.709,0.374,8.87768705655632e-227,"M2-like 1","Idh1","up",292.269381070835,"Idh1","15926"
"Ly6i",4.75613152897186e-230,-0.957668021071218,0.082,0.414,1.53551706412856e-225,"M2-like 1","Ly6i","down",495.739512227287,"Ly6i","57248"
"Ms4a6d",6.39776779217776e-230,-0.79125766144798,0.941,0.951,2.06551933170459e-225,"M2-like 1","Ms4a6d","down",409.362107775248,"Ms4a6d","68774"
"Rab11fip5",1.86789217660946e-229,0.513021167379517,0.611,0.276,6.03048989218363e-225,"M2-like 1","Rab11fip5","up",264.865039863301,"Rab11fip5","52055"
"Psmb8",8.27308836952636e-229,-0.77390920930849,0.842,0.89,2.67096658010159e-224,"M2-like 1","Psmb8","down",398.405845455216,"Psmb8","16913"
"Folr2",2.60247795404675e-228,0.826153249786162,0.754,0.428,8.40210007463994e-224,"M2-like 1","Folr2","up",424.354095216986,"Folr2","14276"
"Trem2",2.61565139803006e-227,0.972433214087936,0.837,0.576,8.44463053854006e-223,"M2-like 1","Trem2","up",497.24686344677,"Trem2","83433"
"ND4",1.99020342774562e-225,0.824508918190435,0.977,0.887,6.42537176647674e-221,"M2-like 1","ND4","up",418.03513322015,"ND4","17719"
"Ednrb",4.85739257182728e-225,0.803309747342502,0.277,0.034,1.56820919181444e-220,"M2-like 1","Ednrb","up",406.570154213404,"Ednrb","13618"
"Gns",8.51022531111392e-224,0.571725247989607,0.936,0.805,2.74752624169313e-219,"M2-like 1","Gns","up",287.723838038648,"Gns","75612"
"Cerk",1.70802788032504e-221,0.597087742407369,0.803,0.52,5.5143680116294e-217,"M2-like 1","Cerk","up",297.32199570076,"Cerk","223753"
"Lipa",2.23891766318989e-220,0.767460157024265,0.897,0.72,7.22834567560856e-216,"M2-like 1","Lipa","up",380.184696462986,"Lipa","16889"
"Kcnk13",2.62682618749338e-218,0.689880150357896,0.696,0.349,8.48070834632238e-214,"M2-like 1","Kcnk13","up",338.465836904864,"Kcnk13","217826"
"Ptprc",6.95262956328006e-218,-0.629226010691957,0.969,0.967,2.24465645450497e-213,"M2-like 1","Ptprc","down",308.095527836124,"Ptprc","19264"
"Fcgr3",1.21592705799945e-217,0.644065527958671,0.908,0.781,3.92562050675124e-213,"M2-like 1","Fcgr3","up",315.001565260685,"Fcgr3","14131"
"Fpr2",4.48650810045381e-216,-0.857319405430787,0.426,0.712,1.44846914023151e-211,"M2-like 1","Fpr2","down",416.20709324655,"Fpr2","14289"
"Fyb",1.06966233594911e-215,-0.683652592508661,0.954,0.954,3.45340485161171e-211,"M2-like 1","Fyb","down",331.302212483895,"Fyb","23880"
"COX2",4.29705693632607e-214,0.724101910162945,0.984,0.941,1.38730483189287e-209,"M2-like 1","COX2","up",348.22996510967,"COX2","17709"
"Aldh2",5.7296704115357e-213,0.622120709144787,0.826,0.589,1.8498240923643e-208,"M2-like 1","Aldh2","up",297.574400582535,"Aldh2","11669"
"Wfdc17",1.42829100470576e-212,1.16242184186126,0.935,0.812,4.61123750869256e-208,"M2-like 1","Wfdc17","up",554.95088516776,"Wfdc17","100034251"
"Cfh",1.87274093317806e-212,0.958733401031378,0.546,0.232,6.04614410276536e-208,"M2-like 1","Cfh","up",457.448404616219,"Cfh","12628"
"Plac8",4.24259443261352e-210,-1.38819590312252,0.717,0.844,1.36972161256928e-205,"M2-like 1","Plac8","down",654.833297634733,"Plac8","231507"
"Laptm5",9.59048568331035e-209,0.575666670183061,0.973,0.917,3.09628830285675e-204,"M2-like 1","Laptm5","up",269.755763817569,"Laptm5","16792"
"ATP6",1.13768472541103e-208,0.724908891103208,0.99,0.951,3.6730151359895e-204,"M2-like 1","ATP6","up",339.566423102611,"ATP6","17705"
"Hal",5.70198797674644e-207,1.25043882551454,0.664,0.34,1.84088681829259e-202,"M2-like 1","Hal","up",580.843766395207,"Hal","15109"
"Slc9a9",1.2030457114449e-205,1.08784365151521,0.817,0.563,3.88403307939986e-201,"M2-like 1","Slc9a9","up",501.999300832971,"Slc9a9","331004"
"Dusp3",1.77118573764391e-205,0.613880948044328,0.857,0.635,5.71827315398335e-201,"M2-like 1","Dusp3","up",283.04573322049,"Dusp3","72349"
"Klra2",1.74773403402266e-204,-0.760399027042717,0.226,0.547,5.64255932884216e-200,"M2-like 1","Klra2","down",348.860945741933,"Klra2","16633"
"Syngr1",6.03554698829646e-203,0.713775998093528,0.401,0.119,1.94857634517151e-198,"M2-like 1","Syngr1","up",324.942775370032,"Syngr1","20972"
"ND3",7.27752513035035e-203,0.753803622522172,0.922,0.716,2.34954898833361e-198,"M2-like 1","ND3","up",343.02408619863,"ND3","17718"
"Ahnak",1.36909525511647e-201,0.752478296787739,0.972,0.925,4.42012403114352e-197,"M2-like 1","Ahnak","up",340.212816887486,"Ahnak","66395"
"Igf1",4.00898367428804e-201,0.749216528365228,0.465,0.16,1.29430037924389e-196,"M2-like 1","Igf1","up",337.933147075457,"Igf1","16000"
"Tpp1",5.28642501766615e-201,0.53924542430671,0.856,0.662,1.70672231695352e-196,"M2-like 1","Tpp1","up",243.07679420098,"Tpp1","12751"
"Ifitm3",2.87309795512303e-199,-0.658838819648062,0.973,0.981,9.27579674811472e-195,"M2-like 1","Ifitm3","down",294.353823545448,"Ifitm3","66141"
"Slc15a3",3.68687985711512e-199,-0.70591318980641,0.876,0.91,1.19030916186962e-194,"M2-like 1","Slc15a3","down",315.209507126187,"Slc15a3","65221"
"ND2",9.20676195869136e-199,0.761561828801519,0.969,0.875,2.97240309836351e-194,"M2-like 1","ND2","up",339.361194211614,"ND2","17717"
"Cd36",9.85643825966939e-199,1.12399452717977,0.741,0.443,3.18215109213426e-194,"M2-like 1","Cd36","up",500.788962124678,"Cd36","12491"
"Lrp12",1.0034694383556e-198,0.601902005198355,0.593,0.268,3.23970108173106e-194,"M2-like 1","Lrp12","up",268.16300900372,"Lrp12","239393"
"Fpr1",2.54583727745693e-198,-0.976017855000062,0.279,0.573,8.21923565026969e-194,"M2-like 1","Fpr1","down",433.932688327244,"Fpr1","14293"
"Ctsl",9.99056603170735e-197,0.932411231700934,0.989,0.925,3.22545424333672e-192,"M2-like 1","Ctsl","up",411.123668553862,"Ctsl","13039"
"Man1c1",4.13782875709418e-196,0.650132004708345,0.717,0.437,1.33589801422785e-191,"M2-like 1","Man1c1","up",285.735713484115,"Man1c1","230815"
"Irf7",4.32057728167626e-195,-0.811290723664665,0.902,0.94,1.39489837538918e-190,"M2-like 1","Irf7","down",354.662510967924,"Irf7","54123"
"Myo5a",1.72256987129826e-194,0.671045138461617,0.89,0.727,5.56131682948643e-190,"M2-like 1","Myo5a","up",292.424918502584,"Myo5a","17918"
"Atp6v0a1",2.46201862384277e-194,0.560142636025575,0.773,0.485,7.94862712707639e-190,"M2-like 1","Atp6v0a1","up",243.896280645388,"Atp6v0a1","11975"
"COX3",8.63399516892911e-194,0.711961764161996,0.992,0.958,2.78748534028876e-189,"M2-like 1","COX3","up",309.10777059805,"COX3","17710"
"Bst2",3.90799340516983e-193,-0.855131909759273,0.888,0.923,1.26169567085908e-188,"M2-like 1","Bst2","down",369.975848690621,"Bst2","69550"
"Tanc2",8.61056890224643e-192,0.772856962675233,0.604,0.293,2.77992217009026e-187,"M2-like 1","Tanc2","up",331.989201597009,"Tanc2","77097"
"Clec4e",2.4516164388228e-191,-1.35079416110267,0.632,0.798,7.9150436727394e-187,"M2-like 1","Clec4e","down",578.835083356164,"Clec4e","56619"
"Lrp1",3.15044026712644e-191,0.54437561288256,0.946,0.836,1.01711964024177e-186,"M2-like 1","Lrp1","up",233.136397205387,"Lrp1","16971"
"Rapgef2",4.56174709949918e-191,-0.920184048405822,0.891,0.924,1.47276005107331e-186,"M2-like 1","Rapgef2","down",393.740947096469,"Rapgef2","76089"
"Nceh1",1.84393113778442e-190,0.570330424151278,0.803,0.537,5.95313167833699e-186,"M2-like 1","Nceh1","up",243.244163512955,"Nceh1","320024"
"Cd93",2.86138538364733e-189,0.585617984324976,0.759,0.469,9.23798271110542e-185,"M2-like 1","Cd93","up",248.158501315448,"Cd93","17064"
"Lgmn",2.10499672482449e-188,0.667957294134728,0.983,0.911,6.79598192609588e-184,"M2-like 1","Lgmn","up",281.717217881547,"Lgmn","19141"
"Sod2",2.43204311418792e-188,-1.1259505030904,0.846,0.871,7.85185119415569e-184,"M2-like 1","Sod2","down",474.717517532058,"Sod2","20656"
"Slfn2",3.27886998448565e-188,-0.624752257408197,0.955,0.965,1.05858317449119e-183,"M2-like 1","Slfn2","down",263.21820994217,"Slfn2","20556"
"Dennd4c",4.0595366470612e-188,0.637187446517284,0.834,0.582,1.31062140650371e-183,"M2-like 1","Dennd4c","up",268.321271706092,"Dennd4c","329877"
"Hck",3.33720667822091e-187,-0.677171423682931,0.813,0.877,1.07741717606362e-182,"M2-like 1","Hck","down",283.732063834141,"Hck","15162"
"Snx5",1.73655201511132e-184,0.528595831141063,0.915,0.786,5.6064581807869e-180,"M2-like 1","Snx5","up",218.173382089074,"Snx5","69178"
"Fam20c",6.36374705156308e-184,0.698043061531779,0.765,0.45,2.05453573559714e-179,"M2-like 1","Fam20c","up",287.204709208678,"Fam20c","80752"
"Ass1",2.20510493244092e-183,-0.771495492093672,0.3,0.598,7.1191812743855e-179,"M2-like 1","Ass1","down",316.467403731314,"Ass1","11898"
"Cd84",2.10550906369909e-182,0.526872708709998,0.926,0.744,6.79763601215252e-178,"M2-like 1","Cd84","up",214.934334594208,"Cd84","12523"
"Ap2a2",2.34627050308102e-181,0.665713282304906,0.845,0.642,7.57493431919707e-177,"M2-like 1","Ap2a2","up",269.968515969188,"Ap2a2","11772"
"Lmo4",4.20762200051386e-181,-0.939247990429729,0.497,0.697,1.3584307628659e-176,"M2-like 1","Lmo4","down",380.347202155783,"Lmo4","16911"
"Pltp",1.01706095974481e-180,0.820655436546608,0.944,0.818,3.28358130853612e-176,"M2-like 1","Pltp","up",331.598993826792,"Pltp","18830"
"Slfn1",3.38678618600808e-180,-0.899229822310464,0.62,0.803,1.09342392015271e-175,"M2-like 1","Slfn1","down",362.266493406811,"Slfn1","20555"
"Crip1",5.22282308663447e-180,0.908577639343723,0.975,0.911,1.68618843351994e-175,"M2-like 1","Crip1","up",365.638827311791,"Crip1","12925"
"Stat1",2.10032088875098e-179,-0.835538786966721,0.795,0.884,6.78088598933254e-175,"M2-like 1","Stat1","down",335.083040925856,"Stat1","20846"
"Sema4d",1.24978364496645e-178,-0.787197352702206,0.616,0.792,4.03492649777419e-174,"M2-like 1","Sema4d","down",314.292335858436,"Sema4d","20354"
"Cltc",1.4035228029157e-178,0.546920500693053,0.963,0.896,4.53127336921333e-174,"M2-like 1","Cltc","up",218.297194083426,"Cltc","67300"
"Cotl1",3.28293740523606e-178,0.54336199743895,0.946,0.875,1.05989634128046e-173,"M2-like 1","Cotl1","up",216.415133752952,"Cotl1","72042"
"Adam15",8.70693693002096e-178,0.669744611196703,0.815,0.593,2.81103458785727e-173,"M2-like 1","Adam15","up",266.098688427079,"Adam15","11490"
"Mt1",1.41163386441033e-177,0.734458903800242,0.821,0.576,4.55745993124874e-173,"M2-like 1","Mt1","up",291.455661452913,"Mt1","17748"
"Osbpl11",2.62983539413069e-177,0.547746441463863,0.778,0.509,8.49042356995093e-173,"M2-like 1","Osbpl11","up",217.021676652704,"Osbpl11","106326"
"Grn",1.52468113282489e-176,0.515812616580059,0.98,0.943,4.92243303732517e-172,"M2-like 1","Grn","up",203.462716316434,"Grn","14824"
"Traf1",3.45094050221222e-176,-1.04499327007225,0.488,0.713,1.11413614113921e-171,"M2-like 1","Traf1","down",411.344851150613,"Traf1","22029"
"Epb41l1",8.60535904371279e-176,0.544051904260387,0.681,0.374,2.77824016726267e-171,"M2-like 1","Epb41l1","up",213.660190718444,"Epb41l1","13821"
"Acod1",2.25294501751517e-175,-1.13150371884525,0.598,0.8,7.27363298904771e-171,"M2-like 1","Acod1","down",443.275401942543,"Acod1","16365"
"C1qc",4.99482100489504e-173,0.923506353004874,0.74,0.432,1.61257796143036e-168,"M2-like 1","C1qc","up",356.802646725557,"C1qc","12262"
"Ifi44",6.85534892471996e-172,-0.853296667852909,0.825,0.901,2.21324940034584e-167,"M2-like 1","Ifi44","down",327.441715712828,"Ifi44","99899"
"Blnk",1.46980160102214e-169,0.57852026900244,0.6,0.29,4.74525446889999e-165,"M2-like 1","Blnk","up",218.894364342304,"Blnk","17060"
"Ms4a6b",3.9557659123698e-169,-0.722506373831538,0.84,0.892,1.27711902480859e-164,"M2-like 1","Ms4a6b","down",272.658984623219,"Ms4a6b","69774"
"Atp6v1a",1.78637314330573e-168,0.517080487642829,0.926,0.816,5.76730569316254e-164,"M2-like 1","Atp6v1a","up",194.355947900342,"Atp6v1a","11964"
"Vasp",3.81674268629936e-168,-0.665819554265929,0.702,0.807,1.23223537627175e-163,"M2-like 1","Vasp","down",249.757264354806,"Vasp","22323"
"Plin2",1.96204794675843e-165,0.613180575694523,0.958,0.875,6.3344717961096e-161,"M2-like 1","Plin2","up",226.184037631663,"Plin2","11520"
"Ap2m1",2.1683564052783e-165,0.546004141259897,0.861,0.708,7.000538654441e-161,"M2-like 1","Ap2m1","up",201.350063403214,"Ap2m1","11773"
"Isg20",5.38714539533293e-165,-0.87543407562472,0.237,0.505,1.73923989088324e-160,"M2-like 1","Isg20","down",322.037324999059,"Isg20","57444"
"Gna12",5.42136736590699e-163,0.531548847830951,0.775,0.519,1.75028845408307e-158,"M2-like 1","Gna12","up",193.084408872003,"Gna12","14673"
"Gpr84",8.67689855553876e-163,-0.589272210437927,0.098,0.37,2.80133669865569e-158,"M2-like 1","Gpr84","down",213.775199023457,"Gpr84","80910"
"Prdx5",8.30369308453971e-162,-1.05771486623013,0.903,0.907,2.68084731234365e-157,"M2-like 1","Prdx5","down",381.327074493665,"Prdx5","54683"
"Nav1",1.27608750855611e-161,0.586539239171454,0.853,0.602,4.1198485213734e-157,"M2-like 1","Nav1","up",211.206939974112,"Nav1","215690"
"Sell",2.53837547008812e-158,-0.744470264931679,0.064,0.316,8.19514520517949e-154,"M2-like 1","Sell","down",262.421720249676,"Sell","20343"
"AW112010",8.57219155648976e-158,-1.59244149095969,0.465,0.662,2.76753204401272e-153,"M2-like 1","AW112010","down",559.388966584602,"AW112010","107350"
"CYTB",3.61472448620266e-157,0.699840585005774,0.972,0.9,1.16701380037053e-152,"M2-like 1","CYTB","up",244.831170669226,"CYTB","17711"
"Sirpb1c",5.87724969328518e-155,-0.562029777007314,0.211,0.479,1.89747006347712e-150,"M2-like 1","Sirpb1c","down",193.758215823783,"Sirpb1c","100038947"
"Phf11b",1.57392305884374e-154,-0.928729621951929,0.578,0.743,5.08141059547701e-150,"M2-like 1","Phf11b","down",319.262114875361,"Phf11b","236451"
"Ifi209",3.91205506277604e-154,-1.00674520926183,0.589,0.755,1.26300697701724e-149,"M2-like 1","Ifi209","down",345.164289839499,"Ifi209","236312"
"Clec12a",5.92563427586603e-154,-0.702114102906669,0.719,0.838,1.91309102596335e-149,"M2-like 1","Clec12a","down",240.429466921208,"Clec12a","232413"
"Pik3ap1",6.69312932097813e-154,-0.673011584282409,0.916,0.914,2.16087680127779e-149,"M2-like 1","Pik3ap1","down",230.381734873598,"Pik3ap1","83490"
"Fcgr1",1.15772400843088e-153,-0.856915017350916,0.84,0.878,3.7377119612191e-149,"M2-like 1","Fcgr1","down",292.865022122398,"Fcgr1","14129"
"Slfn4",3.42813812374313e-153,-1.04109675319476,0.758,0.853,1.10677439325047e-148,"M2-like 1","Slfn4","down",354.682032820508,"Slfn4","20558"
"Phf11d",4.78052643466822e-153,-0.94700128442402,0.558,0.729,1.54339295943263e-148,"M2-like 1","Phf11d","down",322.310571342604,"Phf11d","219132"
"Xaf1",7.75270985600802e-153,-0.738870546900949,0.684,0.818,2.50296237701219e-148,"M2-like 1","Xaf1","down",251.116326186968,"Xaf1","327959"
"Bcl2a1d",1.31625686633199e-152,-0.97663609723718,0.496,0.702,4.24953529295282e-148,"M2-like 1","Bcl2a1d","down",331.40757586466,"Bcl2a1d","12047"
"Zbp1",1.64414841023037e-150,-0.713392026044898,0.751,0.848,5.30813314242875e-146,"M2-like 1","Zbp1","down",238.635470668362,"Zbp1","58203"
"Trf",3.62323451671978e-150,0.725000611772514,0.655,0.386,1.16976126372298e-145,"M2-like 1","Trf","up",241.945782292603,"Trf","22041"
"Lpl",7.62004656851779e-150,1.27292800258648,0.479,0.21,2.46013203464597e-145,"M2-like 1","Lpl","up",423.852722356759,"Lpl","16956"
"Arl5c",1.54625484353274e-149,-0.799543994420022,0.427,0.658,4.99208376234544e-145,"M2-like 1","Arl5c","down",265.662072459879,"Arl5c","217151"
"C1qa",1.97186279319908e-149,0.991362817220327,0.742,0.478,6.36615902784323e-145,"M2-like 1","C1qa","up",329.156091562705,"C1qa","12259"
"Psme1",2.36357473100511e-149,-0.60473782163674,0.869,0.887,7.63080101904999e-145,"M2-like 1","Psme1","down",200.677798663516,"Psme1","19186"
"Hp",3.60406935260046e-149,-1.40728519137819,0.244,0.486,1.16357379048706e-144,"M2-like 1","Hp","down",466.40352381897,"Hp","15439"
"Cfb",4.78672130113967e-149,-0.887987620448293,0.817,0.854,1.54539297207294e-144,"M2-like 1","Cfb","down",294.045534616797,"Cfb","14962"
"C130026I21Rik",7.55254851352425e-149,-0.792907006684868,0.535,0.711,2.4383402875913e-144,"M2-like 1","C130026I21Rik","down",262.199230967608,"C130026I21Rik","620078"
"Jak2",1.79925588973524e-148,-0.808056210727296,0.578,0.74,5.80889764001021e-144,"M2-like 1","Jak2","down",266.507331980038,"Jak2","16452"
"Herc6",6.13600443816814e-148,-1.02212552287082,0.632,0.771,1.98100903286258e-143,"M2-like 1","Herc6","down",335.85620039986,"Herc6","67138"
"Rnase4",7.3776922773347e-148,0.571748554885823,0.638,0.383,2.38188795173751e-143,"M2-like 1","Rnase4","up",187.763240202658,"Rnase4","58809"
"Ecm1",2.63156217916677e-146,0.634392257001404,0.833,0.614,8.49599849543992e-142,"M2-like 1","Ecm1","up",206.068043196235,"Ecm1","13601"
"Hcls1",7.98242381477223e-146,-0.530354981302869,0.828,0.87,2.57712552859922e-141,"M2-like 1","Hcls1","down",171.685360214124,"Hcls1","15163"
"Cd274",1.01505639341968e-145,-0.969171909871597,0.587,0.754,3.27710956615544e-141,"M2-like 1","Cd274","down",313.505341664286,"Cd274","60533"
"H2-Q4",2.08378408861842e-145,-0.69103419679223,0.672,0.781,6.72749693010458e-141,"M2-like 1","H2-Q4","down",223.037019119073,"H2-Q4","15015"
"Ifit3",3.62592719874315e-144,-1.10770808917017,0.465,0.671,1.17063059611423e-139,"M2-like 1","Ifit3","down",354.357795373856,"Ifit3","15959"
"Clec4a3",1.39126723871952e-143,-0.682101152008542,0.899,0.914,4.49170628020597e-139,"M2-like 1","Clec4a3","down",217.288161670126,"Clec4a3","73149"
"Slc48a1",2.56970110284025e-140,0.565500525282703,0.702,0.456,8.29628001051974e-136,"M2-like 1","Slc48a1","up",175.890888729183,"Slc48a1","67739"
"Itgal",6.54260547954958e-140,-0.644120919340368,0.251,0.501,2.11228017907258e-135,"M2-like 1","Itgal","down",199.742682616487,"Itgal","16408"
"Stab1",1.09933809797283e-139,0.739368720789892,0.694,0.475,3.54921304930529e-135,"M2-like 1","Stab1","up",228.895440776537,"Stab1","192187"
"Ifit1bl1",5.47341698944312e-139,-0.811720339996322,0.083,0.325,1.76709267504171e-134,"M2-like 1","Ifit1bl1","down",249.991249391471,"Ifit1bl1","667373"
"Stxbp6",6.57637133538005e-138,0.688312479731337,0.384,0.143,2.12318148562745e-133,"M2-like 1","Stxbp6","up",210.273200087024,"Stxbp6","217517"
"Tbxas1",6.85646205147127e-138,0.516492220174078,0.869,0.675,2.2136087733175e-133,"M2-like 1","Tbxas1","up",157.762131974839,"Tbxas1","21391"
"Ifit3b",4.21954811025621e-137,-0.939672438020427,0.215,0.465,1.36228110739622e-132,"M2-like 1","Ifit3b","down",285.314689071479,"Ifit3b","667370"
"H2-Q7",1.00266203002025e-136,-0.738692697997338,0.609,0.745,3.23709436392038e-132,"M2-like 1","H2-Q7","down",223.651444225094,"H2-Q7","15018"
"Sptbn1",6.30503194695971e-136,0.510851330702134,0.798,0.572,2.03557956407594e-131,"M2-like 1","Sptbn1","up",153.729401100928,"Sptbn1","20742"
"Atxn1",1.58878967336756e-134,0.53839918423675,0.846,0.617,5.12940746046717e-130,"M2-like 1","Atxn1","up",160.282014279708,"Atxn1","20238"
"Irak3",3.91542295545448e-134,-0.74949191079494,0.675,0.774,1.26409430116848e-129,"M2-like 1","Irak3","down",222.44854039395,"Irak3","73914"
"Ifih1",1.18442283582878e-133,-0.783172454814997,0.762,0.853,3.82390912547321e-129,"M2-like 1","Ifih1","down",231.577989092749,"Ifih1","71586"
"Osbpl9",5.83576870076191e-132,0.538156858121499,0.892,0.744,1.88407792504098e-127,"M2-like 1","Osbpl9","up",157.031409526021,"Osbpl9","100273"
"Ifit1",1.76481037377156e-131,-1.03200646623593,0.483,0.678,5.69769029172149e-127,"M2-like 1","Ifit1","down",299.992149458026,"Ifit1","15957"
"ND5",1.2875551456044e-130,0.527129681755164,0.926,0.79,4.15687178758382e-126,"M2-like 1","ND5","up",152.182844587362,"ND5","17721"
"Klrk1",8.25216416981538e-130,-0.516604461192971,0.185,0.433,2.6642112022249e-125,"M2-like 1","Klrk1","down",148.184491554968,"Klrk1","27007"
"Fbxo32",3.91595691968593e-129,0.693932162449291,0.312,0.102,1.2642666915206e-124,"M2-like 1","Fbxo32","up",197.969172024248,"Fbxo32","67731"
"Sash1",5.66370700531081e-129,0.624958593221556,0.79,0.535,1.82852780666459e-124,"M2-like 1","Sash1","up",178.061352731614,"Sash1","70097"
"Glrx",8.95608686887007e-129,-0.887942801807139,0.648,0.764,2.8914726456147e-124,"M2-like 1","Glrx","down",252.583131078074,"Glrx","93692"
"Sirpb1a",1.35548257605443e-128,-0.508712616196073,0.179,0.421,4.37617549679173e-124,"M2-like 1","Sirpb1a","down",144.49695781518,"Sirpb1a","320832"
"Cyria",8.48662344627667e-128,-0.742288885931704,0.423,0.628,2.73990637963042e-123,"M2-like 1","Cyria","down",209.481378184478,"Cyria","76820"
"C1qb",1.10780780039556e-127,0.811737630184829,0.687,0.423,3.57655748357708e-123,"M2-like 1","C1qb","up",228.864201864948,"C1qb","12260"
"Lyn",3.74816203899025e-127,-0.614848581998504,0.953,0.951,1.210094114288e-122,"M2-like 1","Lyn","down",172.603173402594,"Lyn","17096"
"Mtmr10",1.0136966361792e-126,0.521283547305691,0.626,0.373,3.27271958990454e-122,"M2-like 1","Mtmr10","up",145.818521593921,"Mtmr10","233315"
"Rhob",2.2685772161449e-126,0.595690351056996,0.722,0.503,7.32410154232383e-122,"M2-like 1","Rhob","up",166.152461082053,"Rhob","11852"
"Psme2",8.56207079236339e-126,-0.604067909739851,0.83,0.861,2.76426455531452e-121,"M2-like 1","Psme2","down",167.686848541936,"Psme2","19188"
"Psmb9",1.01155543692581e-125,-0.636404454850803,0.718,0.793,3.26580672811499e-121,"M2-like 1","Psmb9","down",176.557235703432,"Psmb9","16912"
"Ifi214",1.43386888411588e-125,-0.982369558787521,0.402,0.613,4.62924569236811e-121,"M2-like 1","Ifi214","down",272.195352570727,"Ifi214","545384"
"Mcemp1",1.55692825239551e-123,-0.542805358011659,0.142,0.373,5.02654286285889e-119,"M2-like 1","Mcemp1","down",147.856322142369,"Mcemp1","69189"
"Ctsa",1.97018064510407e-123,0.504464511153617,0.91,0.852,6.3607282127185e-119,"M2-like 1","Ctsa","up",137.293791717591,"Ctsa","19025"
"Gm15056",4.82496793172406e-123,-1.60376503953621,0.078,0.296,1.55774089675711e-118,"M2-like 1","Gm15056","down",435.040198369562,"Gm15056","100504014"
"Ly6e",2.4443762306948e-121,-0.565943999705824,0.966,0.965,7.89166866079816e-117,"M2-like 1","Ly6e","down",151.297571993954,"Ly6e","17069"
"Aoah",1.19302014128415e-120,-0.873294661007047,0.684,0.791,3.85166552613588e-116,"M2-like 1","Aoah","down",232.079248321935,"Aoah","27052"
"Fabp5",1.53036585852886e-120,1.43390314570114,0.621,0.402,4.94078617426043e-116,"M2-like 1","Fabp5","up",380.704649585282,"Fabp5","16592"
"Aopep",3.00749554593878e-120,0.503726174754514,0.816,0.604,9.70969937006334e-116,"M2-like 1","Aopep","up",133.400163466449,"Aopep","72061"
"Cd300e",4.47935477615311e-120,-0.512775214464698,0.062,0.275,1.44615968948103e-115,"M2-like 1","Cd300e","down",135.592316260882,"Cd300e","217306"
"Stap1",5.87500323679229e-120,-0.766700769868914,0.447,0.658,1.89674479499839e-115,"M2-like 1","Stap1","down",202.529487621086,"Stap1","56792"
"Ifi205",1.45729077402097e-119,-0.869806479546178,0.311,0.538,4.7048632639267e-115,"M2-like 1","Ifi205","down",228.975415409941,"Ifi205","226695"
"Marcksl1",2.1449785787537e-119,-0.684209402094273,0.787,0.868,6.92506334150632e-115,"M2-like 1","Marcksl1","down",179.852746613225,"Marcksl1","17357"
"Cxcl10",2.66948325866261e-119,-1.94935942488168,0.19,0.421,8.61842670059224e-115,"M2-like 1","Cxcl10","down",511.986354313846,"Cxcl10","15945"
"Slco3a1",3.1456729083438e-119,-0.824958495737988,0.201,0.431,1.0155804984588e-114,"M2-like 1","Slco3a1","down",216.534479184775,"Slco3a1","108116"
"Gbp2",9.9657977541543e-119,-0.794868968130284,0.419,0.628,3.21745780492872e-114,"M2-like 1","Gbp2","down",207.720014650177,"Gbp2","14469"
"Parp14",4.00778187474997e-118,-0.672546251054382,0.871,0.906,1.29391237826303e-113,"M2-like 1","Parp14","down",174.817936523754,"Parp14","547253"
"Ifit2",5.58451937822202e-118,-1.20716401653954,0.477,0.671,1.80296208125898e-113,"M2-like 1","Ifit2","down",313.38301944044,"Ifit2","15958"
"Ptgs2",1.27204159327758e-115,-1.28632393737415,0.255,0.481,4.10678628389665e-111,"M2-like 1","Ptgs2","down",326.950492176904,"Ptgs2","19225"
"Ifi204",1.73959706158906e-115,-0.784410956658612,0.857,0.892,5.61628911334027e-111,"M2-like 1","Ifi204","down",199.131564935476,"Ifi204","15951"
"Frmd4b",2.72875651365829e-115,0.570302890915885,0.903,0.719,8.80979040434578e-111,"M2-like 1","Frmd4b","up",144.52107246842,"Frmd4b","232288"
"Apoe",9.1443763069828e-115,1.16626118674715,0.991,0.979,2.9522618907094e-110,"M2-like 1","Apoe","up",294.13315728426,"Apoe","11816"
"Ccl9",2.29666466300699e-114,0.929024793065106,0.896,0.827,7.41478186451807e-110,"M2-like 1","Ccl9","up",233.446171883923,"Ccl9","20308"
"Lmna",3.70769370087253e-114,0.526764804828466,0.858,0.66,1.1970289113267e-109,"M2-like 1","Lmna","up",132.113631053944,"Lmna","16905"
"Samd9l",4.20894369403019e-114,-0.698252388018668,0.753,0.845,1.35885747161765e-109,"M2-like 1","Samd9l","down",175.0345087567,"Samd9l","209086"
"Mir155hg",6.37543132548104e-114,-1.05740166612055,0.2,0.431,2.05830800343156e-109,"M2-like 1","Mir155hg","down",264.625225546462,"Mir155hg","100653389"
"H3f3b",4.02158171051917e-112,-0.537759881800087,0.973,0.963,1.29836765524111e-107,"M2-like 1","H3f3b","down",132.351040642948,"H3f3b","15081"
"Ifi211",6.869597466137e-112,-0.790657025217575,0.726,0.815,2.21784954194233e-107,"M2-like 1","Ifi211","down",194.169605146897,"Ifi211","381308"
"Pilra",8.58310360555371e-112,-0.636675998013202,0.431,0.616,2.77105499905301e-107,"M2-like 1","Pilra","down",156.213152767338,"Pilra","231805"
"F13a1",5.351532653042e-111,0.960306112052031,0.664,0.449,1.72774231703461e-106,"M2-like 1","F13a1","up",233.860662759625,"F13a1","74145"
"Cd5l",9.44788206584893e-111,0.856267961500902,0.15,0.02,3.05024872495933e-106,"M2-like 1","Cd5l","up",208.037833596924,"Cd5l","11801"
"Cybb",4.22611118766011e-106,-0.586590243605988,0.957,0.949,1.36439999693607e-101,"M2-like 1","Cybb","down",136.235806760687,"Cybb","13058"
"Gbp4",5.22067040536794e-106,-0.536013226159912,0.152,0.375,1.68549344037304e-101,"M2-like 1","Gbp4","down",124.375992296679,"Gbp4","17472"
"Rasgrf1",8.97298349088301e-106,-0.538692477652291,0.058,0.251,2.89692772003158e-101,"M2-like 1","Rasgrf1","down",124.705931475909,"Rasgrf1","19417"
"Usp18",2.00947933193146e-105,-0.726557699968402,0.524,0.681,6.48760402314071e-101,"M2-like 1","Usp18","down",167.610468481168,"Usp18","24110"
"Gm13822",2.38748262466012e-105,-0.521638924857023,0.245,0.46,7.7079876537152e-101,"M2-like 1","Gm13822","down",120.247598419041,"Gm13822","105246766"
"Snx29",7.75699077663017e-105,0.502588446671024,0.727,0.53,2.50434447223505e-100,"M2-like 1","Snx29","up",115.263876751329,"Snx29","74478"
"Tppp3",9.87071273965478e-105,0.773029112364338,0.453,0.233,3.18675960799755e-100,"M2-like 1","Tppp3","up",177.100586758061,"Tppp3","67971"
"Sp140",1.00301222915888e-103,-0.668738946488109,0.654,0.755,3.23822498183944e-99,"M2-like 1","Sp140","down",151.65721939518,"Sp140","434484"
"Alpk1",1.28979021991098e-103,-0.619478799890394,0.717,0.812,4.16408772498259e-99,"M2-like 1","Alpk1","down",140.330177570633,"Alpk1","71481"
"Dusp2",2.07265217140893e-103,-0.834906744762509,0.341,0.545,6.69155753539372e-99,"M2-like 1","Dusp2","down",188.734908929225,"Dusp2","13537"
"Tnip1",2.00116928529752e-102,-0.560508564331037,0.563,0.703,6.46077503758306e-98,"M2-like 1","Tnip1","down",125.434860689573,"Tnip1","57783"
"Gm5150",7.19091464536232e-102,-0.640325631954195,0.435,0.626,2.32158679325523e-97,"M2-like 1","Gm5150","down",142.477897866487,"Gm5150","381484"
"Plxdc2",4.02464687183606e-101,0.705882026824248,0.434,0.218,1.29935724257227e-96,"M2-like 1","Plxdc2","up",155.849080384218,"Plxdc2","67448"
"Igsf6",1.16460779151589e-100,-0.520146356438658,0.79,0.852,3.75993625490904e-96,"M2-like 1","Igsf6","down",114.288516788315,"Igsf6","80719"
"Rnf213",3.35557614862309e-100,-0.572276278336783,0.877,0.911,1.08334775958297e-95,"M2-like 1","Rnf213","down",125.137094455833,"Rnf213","672511"
"Hmgb2",5.56450884647058e-100,-0.551259132692999,0.611,0.736,1.79650168108303e-95,"M2-like 1","Hmgb2","down",120.262550478277,"Hmgb2","97165"
"Rsad2",2.302682672387e-99,-1.53651043238075,0.576,0.705,7.43421100780144e-95,"M2-like 1","Rsad2","down",333.022489612437,"Rsad2","58185"
"Ifi202b",2.40567553590206e-99,-0.617716533892832,0.912,0.922,7.76672346765979e-95,"M2-like 1","Ifi202b","down",133.856538610992,"Ifi202b","26388"
"N4bp1",2.40902577146272e-99,-0.541024815832958,0.833,0.858,7.77753970316738e-95,"M2-like 1","N4bp1","down",117.237017435501,"N4bp1","80750"
"Nmi",4.63626274197226e-99,-0.50040817730809,0.46,0.633,1.49681742624574e-94,"M2-like 1","Nmi","down",108.108011287479,"Nmi","64685"
"Gbp2b",9.17960189076907e-99,-0.800640177770315,0.419,0.605,2.96363447043479e-94,"M2-like 1","Gbp2b","down",172.423132388462,"Gbp2b","14468"
"Mafb",1.85938749069379e-98,0.535697579255777,0.918,0.796,6.00303251370491e-94,"M2-like 1","Mafb","up",114.987878579067,"Mafb","16658"
"Tagln2",2.67555249492839e-98,0.519254795476398,0.872,0.739,8.6380212298763e-94,"M2-like 1","Tagln2","up",111.269461597276,"Tagln2","21346"
"Gk",5.98660024636829e-98,-0.636168885528147,0.325,0.525,1.93277388954e-93,"M2-like 1","Gk","down",135.810260853478,"Gk","14933"
"Creb5",3.28470682357511e-97,-0.68075015131756,0.661,0.781,1.06046759799122e-92,"M2-like 1","Creb5","down",144.168667042664,"Creb5","231991"
"H2-T22",3.44448813899119e-96,-0.681988893591861,0.604,0.709,1.11205299567331e-91,"M2-like 1","H2-T22","down",142.828276281528,"H2-T22","15039"
"Rigi",1.26326776942812e-95,-0.578345651298698,0.687,0.793,4.07845999359867e-91,"M2-like 1","Rigi","down",120.370805111021,"Rigi","230073"
"Fn1",2.59708520817586e-93,0.69054489804696,0.697,0.472,8.38468959459577e-89,"M2-like 1","Fn1","up",140.045036793163,"Fn1","14268"
"Prr13",1.04624940195822e-91,0.554400304952845,0.861,0.733,3.37781619422211e-87,"M2-like 1","Prr13","up",110.38535501007,"Prr13","66151"
"Fgl2",2.27607652047633e-90,-1.05271090623115,0.506,0.625,7.34831304635785e-86,"M2-like 1","Fgl2","down",206.360652702044,"Fgl2","14190"
"Met",4.87675486091631e-90,-0.578233666602105,0.214,0.416,1.57446030684683e-85,"M2-like 1","Met","down",112.909271264932,"Met","17295"
"Sp110",3.104332521508e-89,-0.520114553372951,0.666,0.756,1.00223375456886e-84,"M2-like 1","Sp110","down",100.597912936057,"Sp110","109032"
"H2-T23",2.34087278108128e-88,-0.575496207749865,0.841,0.864,7.55750777372092e-84,"M2-like 1","H2-T23","down",110.146870129697,"H2-T23","15040"
"Inpp4b",3.29785288254538e-88,-0.822113210221083,0.539,0.681,1.06471180312978e-83,"M2-like 1","Inpp4b","down",157.066256762224,"Inpp4b","234515"
"Rab11fip1",2.54764058526091e-87,-0.776911101548964,0.414,0.596,8.22505762951485e-83,"M2-like 1","Rab11fip1","down",146.841929788563,"Rab11fip1","75767"
"Trps1",1.19060830031152e-86,-0.66467649097517,0.913,0.924,3.84387889755573e-82,"M2-like 1","Trps1","down",124.60390782037,"Trps1","83925"
"Slc31a2",1.23050390187942e-86,-0.582668373018202,0.616,0.699,3.97268184721771e-82,"M2-like 1","Slc31a2","down",109.211010936166,"Slc31a2","20530"
"Gpx1",1.551351372091e-85,0.504800388281957,0.975,0.948,5.00853790479578e-81,"M2-like 1","Gpx1","up",93.3367076331232,"Gpx1","14775"
"Slfn8",6.67118449259767e-85,-0.619223671446404,0.725,0.8,2.15379191343516e-80,"M2-like 1","Slfn8","down",113.590128649659,"Slfn8","276950"
"Cadm1",1.34656783153068e-83,0.549710124090346,0.527,0.308,4.34739424409679e-79,"M2-like 1","Cadm1","up",99.1867514808368,"Cadm1","54725"
"Zc3h12c",5.20064328016583e-83,-0.70398865387714,0.361,0.543,1.67902768300154e-78,"M2-like 1","Zc3h12c","down",126.072697458488,"Zc3h12c","244871"
"Zfas1",1.58386855118482e-82,-0.578878905778332,0.48,0.628,5.11351961750018e-78,"M2-like 1","Zfas1","down",103.022933745612,"Zfas1","68949"
"Hmox1",5.32920449611528e-82,1.40541307284041,0.853,0.708,1.72053367157082e-77,"M2-like 1","Hmox1","up",248.415780064856,"Hmox1","15368"
"Pid1",6.11580871279012e-82,-0.59629192510917,0.972,0.961,1.97448884292429e-77,"M2-like 1","Pid1","down",105.316330040918,"Pid1","98496"
"Mmp14",4.81566043207471e-81,-0.50742875918196,0.829,0.84,1.55473597049532e-76,"M2-like 1","Mmp14","down",88.5743089226036,"Mmp14","17387"
"Ell2",2.14576917219258e-80,-0.686064559003573,0.737,0.805,6.92761577242374e-76,"M2-like 1","Ell2","down",118.730985274114,"Ell2","192657"
"Nos2",7.00117507974721e-80,-0.52864315388942,0.032,0.175,2.26032937449639e-75,"M2-like 1","Nos2","down",90.8623243586404,"Nos2","18126"
"Epsti1",9.41477401697835e-80,-0.607945926941314,0.781,0.819,3.03955979138146e-75,"M2-like 1","Epsti1","down",104.312680946544,"Epsti1","108670"
"Oas3",1.28666517987101e-79,-0.542783849006142,0.631,0.744,4.15399853321354e-75,"M2-like 1","Oas3","down",92.962487017216,"Oas3","246727"
"Prdx1",2.34868640098515e-78,0.662585998498495,0.95,0.905,7.58273404558056e-74,"M2-like 1","Prdx1","up",111.556571947459,"Prdx1","18477"
"Spp1",1.78982998822097e-77,1.880309469928,0.606,0.42,5.77846611697139e-73,"M2-like 1","Spp1","up",312.76047376381,"Spp1","20750"
"Slfn5",1.90101458084471e-77,-0.568564475206718,0.908,0.916,6.13742557425713e-73,"M2-like 1","Slfn5","down",94.5376637711355,"Slfn5","327978"
"Cers6",3.1337994606299e-77,-0.633517964611034,0.928,0.921,1.01174715586436e-72,"M2-like 1","Cers6","down",105.021090882685,"Cers6","241447"
"Phf11a",3.41353456240763e-77,-0.503042058695083,0.286,0.463,1.1020596334733e-72,"M2-like 1","Phf11a","down",83.348508434693,"Phf11a","219131"
"9030624G23Rik",3.68121905646936e-77,-0.765608124614932,0.091,0.256,1.18848157238113e-72,"M2-like 1","9030624G23Rik","down",126.795003013127,"9030624G23Rik","66808"
"ENSMUSG00000106734",1.03150056749127e-76,-0.500751837721461,0.585,0.708,3.33019958214558e-72,"M2-like 1","ENSMUSG00000106734","down",82.4152870081273,"Gm20559","330256"
"Cd40",1.30995087309401e-76,-0.616342835775227,0.477,0.642,4.229176393784e-72,"M2-like 1","Cd40","down",101.292320610886,"Cd40","21939"
"Oasl1",4.04093504573703e-76,-0.68186924854894,0.73,0.806,1.3046158795162e-71,"M2-like 1","Oasl1","down",111.293084729777,"Oasl1","231655"
"Pdpn",1.13150631801291e-75,0.525904862159597,0.5,0.293,3.65306814770468e-71,"M2-like 1","Pdpn","up",85.2954442154202,"Pdpn","14726"
"Gbp5",1.25237749884183e-75,-0.889180990722303,0.304,0.491,4.04330075501086e-71,"M2-like 1","Gbp5","down",144.124217069703,"Gbp5","229898"
"Zup1",1.3590747637306e-75,-0.567121076478994,0.618,0.716,4.38777287470426e-71,"M2-like 1","Zup1","down",91.8762911001613,"Zup1","72580"
"Ccl3",2.52174015723688e-74,-0.970604015793553,0.57,0.674,8.14143809763928e-70,"M2-like 1","Ccl3","down",154.407559226725,"Ccl3","20302"
"Sdc3",3.12361538069028e-74,0.549233548603882,0.928,0.883,1.00845922565586e-69,"M2-like 1","Sdc3","up",87.2567051800535,"Sdc3","20970"
"Slamf7",4.00009792600994e-74,-0.873202868135106,0.464,0.58,1.29143161541231e-69,"M2-like 1","Slamf7","down",138.509726764948,"Slamf7","75345"
"Cd72",1.44727192215634e-73,-0.956442218631199,0.509,0.608,4.67251740068174e-69,"M2-like 1","Cd72","down",150.483437009533,"Cd72","12517"
"Slpi",2.01850890805483e-73,-1.02481873473772,0.279,0.441,6.51675600965502e-69,"M2-like 1","Slpi","down",160.900635206443,"Slpi","20568"
"Clec4a2",2.41977203106381e-73,-0.554958722037124,0.676,0.773,7.8122340022895e-69,"M2-like 1","Clec4a2","down",87.0301143288647,"Clec4a2","26888"
"Gbp3",3.03449266590348e-73,-0.501670723755452,0.351,0.526,9.79685957186938e-69,"M2-like 1","Gbp3","down",78.559783941414,"Gbp3","55932"
"H2-Q6",4.63137092474624e-73,-0.544839255200796,0.597,0.692,1.49523810305432e-68,"M2-like 1","H2-Q6","down",85.0894538923942,"H2-Q6","110557"
"Fnbp1l",1.23318642838622e-72,-0.608015148055976,0.352,0.513,3.98134238404491e-68,"M2-like 1","Fnbp1l","down",94.3604045954084,"Fnbp1l","214459"
"Nupr1",3.57190096394342e-72,-0.563134896897071,0.581,0.691,1.15318822620913e-67,"M2-like 1","Nupr1","down",86.7963593834715,"Nupr1","56312"
"Trim30d",7.25810267906596e-72,-0.579802049920631,0.554,0.673,2.34327844993644e-67,"M2-like 1","Trim30d","down",88.9541873083435,"Trim30d","209387"
"Gpnmb",3.69447939273401e-71,1.13156419228125,0.248,0.104,1.19276267194417e-66,"M2-like 1","Gpnmb","up",171.765044202504,"Gpnmb","93695"
"Daxx",2.33350034695982e-70,-0.529656511914964,0.588,0.692,7.53370587015977e-66,"M2-like 1","Daxx","down",79.4226449462753,"Daxx","13163"
"Tnf",3.79500836366655e-70,-0.709778276718093,0.728,0.822,1.22521845020975e-65,"M2-like 1","Tnf","down",106.086947590973,"Tnf","21926"
"Slamf9",4.740504856236e-70,-0.774574091814747,0.38,0.53,1.53047199283579e-65,"M2-like 1","Slamf9","down",115.599338937054,"Slamf9","98365"
"Rnf149",8.05756088976454e-70,-0.550266577545552,0.774,0.827,2.60138353326048e-65,"M2-like 1","Rnf149","down",81.8312364637681,"Rnf149","67702"
"A330040F15Rik",1.6161606478537e-68,-0.624506760503582,0.128,0.285,5.21777465159568e-64,"M2-like 1","A330040F15Rik","down",90.998987753677,"A330040F15Rik","74333"
"Ccl8",2.37367414706017e-68,1.26251870964014,0.412,0.242,7.66340698378376e-64,"M2-like 1","Ccl8","up",183.480568032726,"Ccl8","20307"
"Hexb",4.18497883723635e-68,0.572886169216963,0.805,0.664,1.35112041760175e-63,"M2-like 1","Hexb","up",82.9321056192563,"Hexb","15212"
"Tmsb10",9.42839207597708e-68,-0.645479129867584,0.929,0.948,3.0439563817292e-63,"M2-like 1","Tmsb10","down",92.9165288744695,"Tmsb10","19240"
"Resf1",2.03732008241417e-67,-0.708242846810711,0.769,0.814,6.57748788607413e-63,"M2-like 1","Resf1","down",101.405649854237,"Resf1","67246"
"Ifi47",7.384750167197e-67,-0.547966958362491,0.528,0.649,2.38416659147955e-62,"M2-like 1","Ifi47","down",77.7518131995931,"Ifi47","15953"
"Mndal",2.90102528613044e-66,-0.585006656403843,0.914,0.925,9.36596013627213e-62,"M2-like 1","Mndal","down",82.2070038171189,"Mndal","100040462"
"Irak2",4.14015226481503e-66,-0.511441671175374,0.782,0.823,1.33664815869553e-61,"M2-like 1","Irak2","down",71.6875135202194,"Irak2","108960"
"Pou2f2",7.50258058317579e-64,-0.544598938822961,0.753,0.782,2.42220814127831e-59,"M2-like 1","Pou2f2","down",73.5033429334183,"Pou2f2","18987"
"Ptges",1.24050675552463e-62,-0.533413776183631,0.142,0.291,4.00497606021125e-58,"M2-like 1","Ptges","down",70.4972436749818,"Ptges","64292"
"Pnp",2.78750562396987e-61,-0.501126996934083,0.781,0.816,8.99946190698674e-57,"M2-like 1","Pnp","down",64.6705319200284,"Pnp","18950"
"Rac2",9.75208022408567e-61,-0.549317953909348,0.83,0.828,3.14845910034606e-56,"M2-like 1","Rac2","down",70.2016546015702,"Rac2","19354"
"Ccrl2",2.96305373419316e-60,-0.53842391836624,0.832,0.847,9.56621898084261e-56,"M2-like 1","Ccrl2","down",68.2110563636704,"Ccrl2","54199"
"Lgals3",5.46044251294749e-60,0.628972894204382,0.958,0.924,1.7629038653051e-55,"M2-like 1","Lgals3","up",79.2978945904963,"Lgals3","16854"
"Cdk8",1.22236359438216e-59,0.561931337868278,0.948,0.864,3.9464008644628e-55,"M2-like 1","Cdk8","up",70.3927881196683,"Cdk8","264064"
"ENSMUSG00000085786",8.69440279706472e-59,-0.609214025031327,0.521,0.658,2.80698794303235e-54,"M2-like 1","ENSMUSG00000085786","down",75.1206480468705,"Gm15987","100504591"
"Fndc3a",3.33184198083521e-58,-0.543660144547662,0.913,0.908,1.07568518351265e-53,"M2-like 1","Fndc3a","down",66.3069941889405,"Fndc3a","319448"
"Adgre1",3.40222329276902e-58,-0.654666845693288,0.927,0.895,1.09840779007048e-53,"M2-like 1","Adgre1","down",79.8321362259639,"Adgre1","13733"
"Ptpro",3.78838321344663e-57,-0.532482706219195,0.675,0.741,1.22307952046125e-52,"M2-like 1","Ptpro","down",63.6492835229325,"Ptpro","19277"
"Cmpk2",9.23413045893828e-57,-0.746958643991067,0.337,0.478,2.98123901866822e-52,"M2-like 1","Cmpk2","down",88.6207315619386,"Cmpk2","22169"
"Nlrp3",3.52554082517252e-56,-0.506637140061424,0.753,0.819,1.13822085540695e-51,"M2-like 1","Nlrp3","down",59.4297389577429,"Nlrp3","216799"
"Thbs1",4.17120550576403e-55,-0.71724566430792,0.246,0.396,1.34667369753592e-50,"M2-like 1","Thbs1","down",82.3624794369847,"Thbs1","21825"
"Il1rn",4.91699629422556e-53,-0.587069432227733,0.596,0.706,1.58745225359072e-48,"M2-like 1","Il1rn","down",64.6140088968219,"Il1rn","16181"
"Ccl4",6.73274666954265e-53,-0.895014779920281,0.73,0.785,2.17366726226184e-48,"M2-like 1","Ccl4","down",98.225785584065,"Ccl4","20303"
"Tgfbi",2.72568115941293e-52,-0.850534504019656,0.74,0.765,8.79986162316464e-48,"M2-like 1","Tgfbi","down",92.1548593592277,"Tgfbi","21810"
"Samsn1",7.22853120686491e-50,-0.531865411249909,0.582,0.673,2.33373130013634e-45,"M2-like 1","Samsn1","down",54.6592024033365,"Samsn1","67742"
"Akt3",1.10915381727183e-49,-0.50367395450227,0.748,0.798,3.58090309906211e-45,"M2-like 1","Akt3","down",51.5463522044432,"Akt3","23797"
"Dst",1.43730562258537e-49,-0.602611873435508,0.437,0.55,4.64034120251687e-45,"M2-like 1","Dst","down",61.5155488376444,"Dst","13518"
"Srgn",1.64646023354169e-49,-0.574762308303229,0.936,0.91,5.31559686398935e-45,"M2-like 1","Srgn","down",58.5945365891217,"Srgn","19073"
"Morrbid",5.08045442650869e-49,-0.624548990220384,0.547,0.66,1.64022471159833e-44,"M2-like 1","Morrbid","down",62.9663489602539,"Morrbid","100043424"
"Acsl1",6.48345526961381e-47,-0.647318277832961,0.428,0.526,2.09318353379482e-42,"M2-like 1","Acsl1","down",62.1230624794927,"Acsl1","14081"
"Etv6",9.04312508672038e-47,-0.514343319419812,0.869,0.877,2.91957293424768e-42,"M2-like 1","Etv6","down",49.1903222757929,"Etv6","14011"
"Cd14",1.69455103897026e-45,-0.557093261887439,0.893,0.875,5.47085802931548e-41,"M2-like 1","Cd14","down",51.6461962028055,"Cd14","12475"
"Malt1",2.68281475748539e-45,-0.904272885342308,0.663,0.718,8.66146744454159e-41,"M2-like 1","Malt1","down",83.4165554896443,"Malt1","240354"
"Lipg",1.36146113155127e-44,-0.501930653762096,0.029,0.12,4.39547726321328e-40,"M2-like 1","Lipg","down",45.486375104146,"Lipg","16891"
"Bcl2a1b",6.45951668093232e-43,-0.614358068225653,0.721,0.753,2.085454960439e-38,"M2-like 1","Bcl2a1b","down",53.3037005101956,"Bcl2a1b","12045"
"Maml3",1.36149385299215e-42,-0.565154509954091,0.456,0.567,4.39558290438514e-38,"M2-like 1","Maml3","down",48.6132534416675,"Maml3","433586"
"F10",1.95104200187977e-39,-0.982562081439079,0.343,0.445,6.29893910306884e-35,"M2-like 1","F10","down",77.3768592532056,"F10","14058"
"Dennd4a",1.76025012091512e-38,-0.611912667278322,0.805,0.817,5.68296751537448e-34,"M2-like 1","Dennd4a","down",46.8421714482591,"Dennd4a","102442"
"Cd86",1.5090902782926e-32,-0.50708652914715,0.744,0.797,4.87209796346767e-28,"M2-like 1","Cd86","down",31.8900927081002,"Cd86","12524"
"Slc7a11",3.16266412399669e-29,-0.927196337801038,0.217,0.315,1.02106611243233e-24,"M2-like 1","Slc7a11","down",51.2194336461089,"Slc7a11","26570"
"Ctsk",2.7683142912271e-27,0.588474366448371,0.318,0.203,8.93750268922668e-23,"M2-like 1","Ctsk","up",29.8763733523427,"Ctsk","13038"
"Mmp12",3.58094277871281e-25,1.27140831632422,0.17,0.094,1.15610737610743e-20,"M2-like 1","Mmp12","up",58.3660879492286,"Mmp12","17381"
"Pcdh7",4.69922880991265e-23,-0.699389389373172,0.136,0.217,1.5171460212803e-18,"M2-like 1","Pcdh7","down",28.6957373338066,"Pcdh7","54216"
"Cd74",3.0673875681507e-22,-0.995985688166936,0.612,0.661,9.90306076377452e-18,"M2-like 1","Cd74","down",38.9965126842474,"Cd74","16149"
"Cxcl2",3.88290115052873e-22,-0.592731088259926,0.908,0.896,1.2535946364482e-17,"M2-like 1","Cxcl2","down",23.0678678596234,"Cxcl2","20310"
"Tmem176b",6.24727509675995e-22,-0.523031588659198,0.319,0.401,2.01693276498895e-17,"M2-like 1","Tmem176b","down",20.1065731503089,"Tmem176b","65963"
"Mxd1",7.99673692008142e-22,-0.55628064091782,0.524,0.573,2.58174651464829e-17,"M2-like 1","Mxd1","down",21.2474063545283,"Mxd1","17119"
"Cxcl9",1.77226488148001e-21,-0.736829275227943,0.028,0.08,5.72175716985821e-17,"M2-like 1","Cxcl9","down",27.5571722004967,"Cxcl9","17329"
"Slc7a2",1.29799692041877e-17,-0.592336007761876,0.114,0.178,4.19058305757201e-13,"M2-like 1","Slc7a2","down",16.8820301461361,"Slc7a2","11988"
"Il15",3.45908448747079e-16,-0.510138367961844,0.549,0.572,1.11676542677994e-11,"M2-like 1","Il15","down",12.8646691223662,"Il15","16168"
"Ccl12",8.27334347529881e-09,-0.573899971773638,0.359,0.399,0.000267104894100022,"M2-like 1","Ccl12","down",4.72197385280758,"Ccl12","20293"
"Stfa3",3.22844761247026e-08,-0.783725224145601,0.027,0.052,0.00104230431168602,"M2-like 1","Stfa3","down",5.38130922538816,"Stfa3","20863"
"Saa3",4.89369558136875e-08,-1.54694957310885,0.555,0.545,0.0015799296184449,"M2-like 1","Saa3","down",9.97840481895483,"Saa3","20210"
